IUCAA,https://www.iucaa.in/en/,27-05-2023
VVidushi,https://vv.hbcse.tifr.res.in/,27-05-2023
NCRA,http://www.ncra.tifr.res.in/ncra/events/event_listing?mode=future,27-05-2023
ARIES,https://www.aries.res.in/,27-05-2023
NCBS,https://www.ncbs.res.in/events,27-05-2023
KAAS,https://kaas.co.in/programs,27-05-2023
IIAP,https://events.iiap.res.in/,27-05-2023
NASA,https://heliophysics.ucar.edu/,27-05-2023
Boulder,https://boulderschool.yale.edu/,27-05-2023
Perimeter,https://www.trisep.ca/,27-05-2023
CAPSS,https://mcdonaldinstitute.ca/capss/capss-info/,27-05-2023
SantaFe,https://www.santafe.edu/engage/learn/programs,27-05-2023
ICTP,https://indico.ictp.it/search?categId=0&p=summer+school+on+particle+physics&f=&collections=&category=&startDate=&endDate=&sortOrder=d&sortField=&limit=,27-05-2023
Fermi,https://en.sif.it/courses/fermi_school,27-05-2023
DKFZ,https://www.dkfz.de/en/medphys/education_and_training/,27-05-2022
